SicilNo;Birim;Mudurluk;Amac;Yetki;AnaSorumluluk
000713;TEDARIKÇI GELISTIRME VE MALIYET OPT LID;TEDARIKÇI GELISTIRME VE MALIYET OPT LID;"Üretim disi malzeme duran varlik yatirim ve hizmet grubu alimi programinin yürütülmesi. Endirekt satinalma süreçlerinde baglilik ve memnuniyetin korunarak toplam basarinin yükseltilmesi. ";"Satinalma prosedürü ve Lideri talimatlari çerçevesinde çalisir.  ";"1. Yeni ve mevcut yan sanayilerin Kalite Yönetim sistemlerinin Yan Sanayi  bünyesindeki uygulamasinin denetlenmesi yönünde ilk amirine destek vermek raporlamak., 2. Yeni ve mevcut yan sanayilerede üretilmekte olan parçalara ait  ilgili tüm proseslerin denetlenmesinde aktif olarak katilmak raporlamak Düzeltici ve Önleyici faaliyetlerin takibini yapmak, 3. Yan Sanayiyi performansina göre onayli yan san listesi olusturmak güncellemek ve raporlamak., 4. Ambalajlama etiketleme markalama nakliye  konularinda çözüm önerilerinde bulunmak gelismeleri izlemek projeler gelistirmek ve yönetmek., 5. Araç maliyet indirimi projelerine katilmak izlemek ve raporlamak., 6. Parça temini yapilan firmalarda uyumsuzluk veya parçalarda sürekli uygunsuzluk oldugu durumlarda alernatif çözümler önermek ve getirmek., 7. Maliyet artirici unsurlarin tespit edilmesi ve fiyat optimizasyonu konusunda önerilerde bulunmak., 8. Dis kaynaklara aktarilmasina karar verilen iç operasyonlar ile ilgili projelerde projeye destek vermek veya yürütmek., 9. Stok ile ilgili gerçeklestirilen iyilestirme projelere destek vermek veya yürütmek.,  SRM sisteminin etkin bir sekilde çalismasinin saglanmasi Gelistirme ihtiyaçlarinin projelendirilmesi ve devreye alinmasi., nbspBirimlerin Duran varlik demirbas alim programlarini yürütmek., Kalite Teslimat ve Fiyat çerçevesinde en etkin sonuçlari saglayacak stratejileri gelistirmek ve ekibi yönlendirmek., Ambalajlama etiketleme markalama nakliye  konularinda çözüm önerilerinde bulunmak gelismeleri izlemek projeler gelistirmek ve yönetmek., Araç maliyet indirimi projelerine katilmak izlemek ve raporlamak., Parça temini yapilan firmalarda uyumsuzluk veya parçalarda sürekli uygunsuzluk oldugu durumlarda alernatif çözümler önermek ve getirmek., Maliyet artirici unsurlarin tespit edilmesi ve fiyat optimizasyonu konusunda önerilerde bulunmak., Dis kaynaklara aktarilmasina karar verilen iç operasyonlar ile ilgili projelerde projeye destek vermek veya yürütmek., Stok ile ilgili gerçeklestirilen iyilestirme projelere destek vermek veya yürütmek., direkt malzeme alimi Yatirim Duran Varlik alimlarinin yönetimi,  SRM sisteminin etkin bir sekilde çalismasinin saglanmasi Gelistirme ihtiyaçlarinin projelendirilmesi ve devreye alinmasi., nbspBirimlerin Duran varlik demirbas alim programlarini yürütmek., Kalite Teslimat ve Fiyat çerçevesinde en etkin sonuçlari saglayacak stratejileri gelistirmek ve ekibi yönlendirmek., Parça temini yapilan firmalarda uyumsuzluk veya parçalarda sürekli uygunsuzluk oldugu durumlarda alernatif çözümler önermek ve getirmek., Maliyet artirici unsurlarin tespit edilmesi ve fiyat optimizasyonu konusunda önerilerde bulunmak., Dis kaynaklara aktarilmasina karar verilen iç operasyonlar ile ilgili projelerde projeye destek vermek veya yürütmek., Stok ile ilgili gerçeklestirilen iyilestirme projelere destek vermek veya yürütmek., Endirekt malzeme alimi Yatirim Duran Varlik alimlarinin yönetimi, Çevik çalisma metodolojisinin gerekliliklerinin (daily, sprint planlama, review vb.) yerine getirilmesini saglamak., "
001015;TEDARIK ZINCIRI YÖNETIMI LIDERLIGI;TEDARIK ZINCIRI YÖNETIMI LIDERLIGI;Ticari araçlar Sehiriçi otobüs platformlarinda yeni ve türev araç çalismalarini yürütmek;"Prosedür ve talimatlar TSE Standartlari BLS Standartlari DIN Standartlari RES Standartlari Motorlu Araçlar Tip Onay  Yönetmeligi EEC Regülasyonlari ve direktifleri Askeri stadartlar (MIL STD’s DEF-STAN’s) ve yöneticisinin talimatlari  çerçevesinde çalisir. ";"1.	Ticari tasitlar için ön arastirma  dizayn ve modifikasyon çalismalarini yapmak ve yayinlari koordine etmek, 2.	Araçlarin yasal yükümlülüklere uygun olarak üretilebilmesi için mevzuat takibini yapmak ve ilgili bakanlik onayini alabilmek için gerekli çalismalari yürütmek., 3.	Ticari tasitlarda bant ve satis sonrasi sorunlarini gidermek., 4.	Mühendislik standartlari gelistirmek., 5.	Motorlu Araçlar Tip Onay Yönetmeligine ve regülasyon programina göre yapilmasi gereken çalismalari yürütmek/yürütülmesini saglamak., 6.	Ticari araçlarda ucuzlatma çalismalari yapmak, 7.	Türev araç projeleri yürütmek, Sehiriçi otobüs platformlarinda güncel teknolojiler ve trendlere uygun olacak sekilde yenilikçi ve sürdürülebilir yeni araçlar gelistirmek yeni araç ekibine liderlik etmek., Sehiriçi otobüs platform araçlarinda pazarda rekabetçi olacak ve pazar payini arttirabilecek sekilde türev araç ve ihale çalismalarini yürütmek türev araç ekibine liderlik etmek., Çevik çalisma metodolojisinin gerekliliklerinin (daily, sprint planlama, review vb.) yerine getirilmesini saglamak., "
001551;TEDARIK ZINCIRI YÖNETIMI LIDERLIGI;TEDARIK ZINCIRI YÖNETIMI LIDERLIGI;Iyilestirmeye gereksinin duyulan ithal yerli parçalarin alternatif kaynaklari dikkate alarak teminini saglama ve/veya yan sanayi gelistirme sorun giderme faaliyetlerinin yapilmasi.;Yan sanayici degerlendirme prosedürü ve yöneticisi talimatlari çerçevesinde çalisir.;" 1.	Teknik bilgi ekipman yeterliligi ve güvenilirlik kriterleri esliginde firma degerlendirmelerini yapmak firmalari degerlendirmek bu konuda bir portföy olusturmak., •	Parça fiyat analizi yapip firma tekliflerini toplamak, 2.	Daha önce imal ettirilmis parçalarin yeni degisiklikler çerçevesinde iç piyasada imal ettirmek., 3.	Yürüyen ithal yerli parçalarla ilgili olarak alternatif ürün veya firma arastirmak bunlari önermek., 4.	Yan sanayi kalite sistem auditlerine katilmak ve kalite iyilestirme çalismalari yapmak., •	Bu konuda yan san gelistirme faaliyetlerinde bulunmak, 5.	Araç maliyeti ucuzlatma çalismalari yapmak., 6.	Parça temini yapilan firmalarda uyumsuzluk olmasi halinde yeni firma devreye girisini saglamak.,  1. Teknik bilgi ekipman yeterliligi ve güvenilirlik kriterleri esliginde firma degerlendirmelerini yapmak firmalari degerlendirmek bu konuda bir portföy olusturmak., • Parça fiyat analizi yapip firma tekliflerini toplamak, 2. Daha önce imal ettirilmis parçalarin yeni degisiklikler çerçevesinde iç piyasada imal ettirmek., 3. Yürüyen ithal yerli parçalarla ilgili olarak alternatif ürün veya firma arastirmak bunlari önermek., 4. Yan sanayi kalite sistem auditlerine katilmak ve kalite iyilestirme çalismalari yapmak., • Bu konuda yan san gelistirme faaliyetlerinde bulunmak, 5. Araç maliyeti ucuzlatma çalismalari yapmak., 6. Parça temini yapilan firmalarda uyumsuzluk olmasi halinde yeni firma devreye girisini saglamak., • Trim sistemleri ve kimyasallar  ile özel projeler  ekibinin  tüm isleyis ve  yetkinliklerinin  kontrolü, Çevik çalisma metodolojisinin gerekliliklerinin (daily, sprint planlama, review vb.) yerine getirilmesini saglamak., "
003196;TEDARIKÇI GELISTIRME TAKIMI;TEDARIKÇI GELISTIRME VE MALIYET OPT LID;"Sirket strateji ve politikalarina uygun olarak mevcut tedarikçilerin takibi degerlendirilmesi ve gelistirilmesi  ile ilgili tüm proses gelistirme dahil aktivitelerin yapilmasi  ";"Sorumluluklar kapsaminda ilgili faaliyetleri gerçeklestirme ";" Sorumlulugunda bulunan ret ve claim datalarinin analizini yaparak gelistirilecek konularin tespit edilmesi ve iyilestirme çalismalarinin tetiklenmesi, Problemlerin çözümü konularinda tedarikçilere çözüm ortakligi saglamak, Lokalizasyon faaliyetlerinde buyerlar ile isbirligi yaparak faaliyete destek saglamak, • Sorumlu oldugu kategoride direkt alim yapilan tedarikçilerin denetlenmesi ve degerlendirilmesi iyilestirme aksiyonlarinin takibinin saglanmasi, • Sorumlu kategoriler için OTOKAR a tedarikçi olabilecek seviyede oldugu  tespit edilen firmalarin potansiyel tedarikçi denetimlerini gerçeklestirmek denetim sonuçlarini raporlamak, • Sorumlulugunda bulunan tedarikçi performanslarinin takibini ve raporlanmasini saglamak performansi gelistirilecek firmalari tespit ederek iyilestirme faaliyetleri planlamak ve gerçeklestirmek, • Tedarikçi denetim ziyaret kalite-sevkiyat süreçleri iyilestirme faaliyeti vb konularda tespit edilen uygunsuzluk iyilestirme konulari takibi ile zamaninda kapatilmasina destek olmak, • Numune / prototip parça kapsamindaki tedarikçilerden gelecek parçalara ait PPAP ve Raporlama sürecinin yönetimi kapsaminda ilgili bölümlere ve tedarikçilere destek saglamak, Çevik çalisma metodolojisinin gerekliliklerinin (daily, sprint planlama, review vb.) yerine getirilmesini saglamak., "
007105;MALIYET OPTIMIZASYON TAKIMI;TEDARIKÇI GELISTIRME VE MALIYET OPT LID;Malzeme kaynaklarina yönelik fiyat analizi yaparak sirketin belirlemis oldugu maliyet hedeflerinin gerçeklestirilmesinin saglanmasi.;Yöneticisinin yönlendirmeleri ile faaliyet gösterir;" Ticari araçlar sehiriçi otobüs platformlari sistem mühendisligi bünyesinde türev araç projeleri kapsaminda asagida belirtilen sorumluluklarini yerine getirmek, Araç sistem gereksinimlerinin belirlenme sürecine katilmak ürün konseptinin olusturulmasina ve ürün taniminin yapilmasina katki sunmak, Araç tasarim sürecinde kavramsal tasarim asamasindan baslayarak nihai ürün ortaya çikana kadarki süreçten katki saglamak Ar-Ge tasarim birimleri ile birlikte es zamanli olarak çalismak, Komponent üreticisi firmalarla yapilan teknik görüsmelere katilmak, Sistem entegrasyon süreçlerini takip ve koordine etmek araç is paketi sorumlulugu is süreçlerinin takibini yapmak, Projelerde belirlenen teknik risk analizlerinde önleyici faaliyet çalismalarinda yer almak, Prototip araçlarin Ar-Ge tasarim atelyelerinde üretim süreçlerinin koordinasyonunu saglamak prototip araçlarla ilgili belirlenmis test validasyon yöntemlerinin icra edilmesi sonuçlarinin degerlendirilmesi yapmak iyilestirme konularinin araçlar üzerinde uygulanmasini saglamak, Araçlarin homologasyon testlerinin gerçeklestirilmesini saglamak ve homologasyon sürecinde ilgili departmanlakoordinasyon içinde çalismak, Yeni araç projelerinde baz ve versiyon modellerin agirlik hesaplamalarini yapmak, Ürün ve projelerin CAD productlarini olusturmak tasarim gözden geçirme faaliyetlerini yapmak tasarim faaliyetleri esnasinda olusan sorun ve sikintilarin çözümü için gerekli aksiyonlarin alinmasini saglamak, Bölüm içi fabrika içi Ar-Ge is süreçlerinin takibini yapmak birimler arasi (tasarim satinalma üretim üretimtesis planlama kalite analiz test satis sonrasi ..vb) koordinasyonu saglamak, Araçlarin seri üretim devreye alma sürecini takip etmek ve Ar-Ge faaliyetlerini bölüm içinde koordine etmek, Mevcut ürünlerin gelistirme test ve validasyon süreçlerini türevlerin olusturulmasi devreye alinmasi prosesine katilmak araçlarin yasam döngüsü boyunca takibini yapmak teknik özelliklerinin ve ilgili süreçlerin tam ve dogru oldugunu kontrol etmek, Ar-Ge Direktörlügü gelistirme projelerinde ölçüm ve analiz süreçlerinde çalismak iyilestirme konulari ile ilgili düzeltici/önleyici faaliyetlerin ilgili bölümlerle koordinasyonunu saglayarak araçlara uygulanmasini gerçeklestirmek, Ar-Ge Direktörlügü gelistirme projelerinde tasarim gözden geçirme ve dogrulama teknik veri paketinin hazirlanmasi teknik toplantilar raporlar kabuller ürün teslimatlari vb. faaliyetleri icra etmek ve koordine etmek, Araçlarla ilgili satis sonrasinda çikan problemlerin takibini koordinasyonunu yapmak Ar-Ge içinde önleyici tedbirlerin alinmasini saglamak SSH araciligi ile sahada icra edilecek düzeltici faaliyetlerinin yapilmasini saglamak ve faaliyetlere katilmak, Malzeme listelerinin kontrolünü yapmak eksik hatali noktalarda ilgili birimlerin faaliyet yürütmesini saglamak, Araç manuellerinin kontrolünü yapmak,  1.Ar-Ge Direktörlügü Türev araçlarinin ve projelerinin teknik yönetiminde süreç yönetimini yapmak, 2. Araç sistem gereksinimlerinin belirlenme sürecine katilmak ürün konseptinin olusturulmasina ve ürün taniminin yapilmasina katki sunmak, 3.Araç tasarim sürecinde kavramsal tasarim asamasindan baslayarak nihai ürün ortaya çikana kadarki süreçte katki saglamak Ar-Ge tasarim birimleri ile birlikte es zamanli olarak çalismak, 4.Komponent üreticisi firmalarla yapilan teknik görüsmelere katilmak, 5.Sistem entegrasyon süreçlerini takip ve koordine etmek araç is paketi sorumlulugu is süreçlerinin takibini yapmak, 6.Projelerde belirlenen teknik risk analizlerinde önleyici faaliyet çalismalarinda yer almak, 7.Türev prototip araçlarin Ar-Ge tasarim atölyelerinde üretim süreçlerinin koordinasyonunu saglamak prototip araçlarla ilgili belirlenmis test validasyon yöntemlerinin icra edilmesi sonuçlarinin degerlendirilmesi iyilestirme konularinin araçlar üzerinde uygulanmasini takip etmek, 8. Araçlarin homologasyon testlerinin gerçeklestirilmesini saglamak homologasyon sürecinde ilgili departmanla koordinasyon içinde çalismak, 9. Türev araç projelerinde baz ve versiyon modellerin agirlik hesaplamalarini yapmak, 10. Ürün ve projelerin CAD productlarini olusturmak tasarim gözden geçirme faaliyetlerini yapmak tasarim faaliyetleri esnasinda olusan sorun ve sikintilarin çözümü için gerekli aksiyonlarin alinmasini saglamak, 11. Bölüm içi fabrika içi Ar-Ge is süreçlerinin takibini yapmak birimler arasi (tasarim satinalma üretim üretim tesis planlama kalite analiz test satis sonrasi ..vb) koordinasyonu saglamak, 12. Araçlarin seri üretim devreye alma sürecini takip etmek ve Ar-Ge faaliyetlerini bölüm içinde koordine etmek, 13. Mevcut ürünlerin gelistirme test ve validasyon süreçlerini türevlerin olusturulmasi devreye alinmasi prosesine  katilmak araçlarin yasam döngüsü boyunca takibini yapmak teknik özelliklerinin ve ilgili süreçlerin tam ve dogru oldugunu kontrol etmek, 14. Ar-Ge Direktörlügü gelistirme projelerinde ölçüm ve analiz süreçlerinde çalismak iyilestirme konulari ile ilgili düzeltici/önleyici faaliyetlerin ilgili bölümlerle koordinasyonunu saglayarak araçlara uygulanmasini gerçeklestirmek, 15. Ar-Ge Direktörlügü gelistirme projelerinde tasarim gözden geçirme ve dogrulama teknik veri paketinin hazirlanmasi teknik toplantilar raporlar kabuller ürün teslimatlari vb. faaliyetleri icra etmek ve koordine etmek, 16. Araçlarla ilgili satis sonrasinda çikan problemlerin takibini koordinasyonunu yapmak Ar-Ge içinde önleyici  tedbirlerin alinmasini saglamak SSH araciligi ile sahada icra edilecek düzeltici faliyetlerinin yapilmasini saglamak ve faaliyetlere katilmak, 17. Malzeme listelerinin kontrolünü yapmak eksik hatali noktalarda ilgili birimlerin faaliyet yürütmesini saglamak, 18. Araç manuellerinin kontrolünü yapmak,    1.Ar-Ge Direktörlügü Türev araçlarinin ve projelerinin teknik yönetiminde süreç yönetimini yapmak, 2. Araç sistem gereksinimlerinin belirlenme sürecine katilmak ürün konseptinin olusturulmasina ve ürün taniminin yapilmasina katki sunmak, 3.Araç tasarim sürecinde kavramsal tasarim asamasindan baslayarak nihai ürün ortaya çikana kadarki süreçte katki saglamak Ar-Ge tasarim birimleri ile birlikte es zamanli olarak çalismak, 4.Komponent üreticisi firmalarla yapilan teknik görüsmelere katilmak, 5.Sistem entegrasyon süreçlerini takip ve koordine etmek araç is paketi sorumlulugu is süreçlerinin takibini yapmak, 6.Projelerde belirlenen teknik risk analizlerinde önleyici faaliyet çalismalarinda yer almak, 7.Türev prototip araçlarin Ar-Ge tasarim atölyelerinde üretim süreçlerinin koordinasyonunu saglamak prototip araçlarla ilgili belirlenmis test validasyon yöntemlerinin icra edilmesi sonuçlarinin degerlendirilmesi iyilestirme konularinin araçlar üzerinde uygulanmasini takip etmek, 8. Araçlarin homologasyon testlerinin gerçeklestirilm"
001871;ENDIREKT SATINALMA TAKIMI;TEDARIKÇI GELISTIRME VE MALIYET OPT LID;Üretim disi malzeme duran varlik yatirim ve hizmet grubu alimi programinin yürütülmesi.;SRM prosedürü Tedarikçi Gelistirme ve Maliyet Optimizasyon Lideri Endirekt Satinalma talimatlari çerçevesinde çalisir.;" 1. Satin Alma Takip Sistemi (STS)– birimlerin üretim disi malzeme alimi programini yürütmek. Malzeme taleplerini toplamak siparisleri vermek fiyat teyidini yapmak ve tesellümünü saglamak., 2. Birim yöneticisinin iç yazismalarini toplanti notlarini ve birimdeki dosyalama islemlerini yapmak. (Siparisleri ve kalite raporlari), 3. Yaptirilan kaliplarin zimmet evraklarini tanzim ve evraklarin dosyalamasini yapmak,  1.SRM( Supplier Relationship Management )- Birimlerin üretim disi malzeme alim programlarini yürütmek., 2.SRM( Supplier Relationship Management )- Birimlerin Duran varlikdemirbasinsaat hizmet ve yatirim gruplari alim programlarini yürütmek., 3.Endirek Malzeme konsinye depo yönetimi., 4.Araç nakliye organizasyonlari yönetimi., 5.Endirek Malzeme insaatnakliyeyatririm hizmet grubu taleplerini toplamak siparisleri vermek fiyat teyidini yapmak ve teslimat süreci takibi yapmak., 5.Yapilan satinalma süreçleri ile ilgili Hukuk departmani ile birlikte sözlesmelerin hazirlanmasi ve arsivlenmesi., 6.Elektronik ihale organize etmek ilgili islerin elektronik ihalelerinin yapimi., 7.Ilgili satinlama ürünleri ile ilgili saha ve pazar arastirmalarinin yapilmasi.,  1.SRM( Supplier Relationship Management )- Birimlerin üretim disi malzeme alim programlarini yürütmek., 2.SRM( Supplier Relationship Management )- Birimlerin Duran varlik demirbas insaat hizmet ve yatirim gruplari alim programlarini yürütmek., 3.Endirek Malzeme konsinye depo yönetimi., 4.Araç nakliye organizasyonlari yönetimi., 5.Endirek Malzeme insaat nakliye yatirim ve hizmet grubu taleplerini toplamak siparisleri vermek fiyat teyidini yapmak bakiyenbsp ve teslimat süreci takibi yapmak., 5.Yapilan satinalma süreçleri ile ilgili Hukuk departmani ile birlikte sözlesmelerin hazirlanmasi ve arsivlenmesi. Sözlesmelerin tedarikçiler ile imzalanmasi süreçlerinin yönetilmesi, 6.Elektronik ihale organize etmek ilgili islerin elektronik ihalelerinin yapimi. Is kapsamina göre ihale yöntemlerinin belirlenmesi., 7.Ilgili satinlama ürünlerinin saha ve pazar arastirmalarinin yapilmasi., 8.Endirek satinalma tarafinda süreç iyilestirme maliyet iyilestirme projeleri yönetmek ve endirek satinalma dijitallesme çalismalarinin içerisinde bulunmak., 9. Enerji komitesinde görev almak., 10. Genel Satinalma performans ve is süreçlerini periyodik olarak yönetime rapor etmek.,  1.SRM( Supplier Relationship Management )- Birimlerin üretim disi malzeme alim programlarini yürütmek., 2.SRM( Supplier Relationship Management )- Birimlerin Duran varlik demirbas alim programlarini yürütmek., 3.Endirek Malzeme konsinye depo yönetimi., 5.Tarafima tanimli mal gruplarinda endirek Malzeme yatirim ve hizmet grubu taleplerini toplamak siparisleri vermek fiyat teyidini yapmak bakiye ve teslimat süreci takibi yapmak., 5.Tarafima tanimli mal gruplarinda satinalma süreçleri ile ilgili Hukuk departmani ile birlikte sözlesmelerin hazirlanmasi ve arsivlenmesi. Sözlesmelerin tedarikçiler ile imzalanmasi süreçlerinin yönetilmesi, 6.Elektronik ihale organize etmek ilgili islerin elektronik ihalelerinin yapimi. Is kapsamina göre ihale yöntemlerinin belirlenmesi., 7.Ilgili satinlama ürünlerinin saha ve pazar arastirmalarinin yapilmasi., 8.Endirek satinalma tarafinda süreç iyilestirme maliyet iyilestirme projeleri yönetmek ve endirek satinalma dijitallesme çalismalarinin içerisinde bulunmak., 9. Enerji komitesinde görev almak.,  1.SRM( Supplier Relationship Management )- Birimlerin üretim disi malzeme alim programlarini yürütmek., 2.SRM( Supplier Relationship Management )- Birimlerin Duran varlik demirbas alim programlarini yürütmek., 3.Endirek Malzeme konsinye depo yönetimi., 5.Tarafima tanimli mal gruplarinda endirek Malzeme yatirim ve hizmet grubu taleplerini toplamak siparisleri vermek fiyat teyidini yapmak bakiye ve teslimat süreci takibi yapmak., 5.Tarafima tanimli mal gruplarinda satinalma süreçleri ile ilgili Hukuk departmani ile birlikte sözlesmelerin hazirlanmasi ve arsivlenmesi. Sözlesmelerin tedarikçiler ile imzalanmasi süreçlerinin yönetilmesi, 6.Elektronik ihale organize etmek ilgili islerin elektronik ihalelerinin yapimi. Is kapsamina göre ihale yöntemlerinin belirlenmesi., 7.Ilgili satinlama ürünlerinin saha ve pazar arastirmalarinin yapilmasi., 8.Endirek satinalma tarafinda süreç iyilestirme maliyet iyilestirme projeleri yönetmek ve endirek satinalma dijitallesme çalismalarinin içerisinde bulunmak., 9. Enerji komitesinde görev almak., Çevik çalisma metodolojisinin gerekliliklerinin (daily, sprint planlama, review vb.) yerine getirilmesini saglamak., "
003196;TEDARIKÇI GELISTIRME TAKIMI;TEDARIKÇI GELISTIRME VE MALIYET OPT LID;"Sirket strateji ve politikalarina uygun olarak mevcut tedarikçilerin takibi degerlendirilmesi ve gelistirilmesi  ile ilgili tüm proses gelistirme dahil aktivitelerin yapilmasi  ";"Sorumluluklar kapsaminda ilgili faaliyetleri gerçeklestirme ";" 1. Sözlesmenin kalite yönetim sistemi gerekleri açisindan gözden geçirilmesi, 2. Tank projesi kapsaminda yayinlanacak olan prosedür talimat operasyon sayfasi vb gibi dokümanlarin kalite yönetim sistemine uygunlugu açisindan gözden geçirilmesi, 3. Otokar’a ait proses formlar süreçler ve Kalite Yönetim Sisteminin Tank Projesinde uygulanmasinin  saglanmasi, 4. Tank projesinde Müsteri (Kalite Güvence Temsilcisi Proje Kontrol Ofisi kullanici) ile ilgili tüm faaliyetlerde kontak noktasi olusturulmasi faaliyetlerin organizasyonu ve gerçeklestirilmesi, 5. Tank projesi kapsaminda tasarim degisiklik istegi mühendislik degisiklik isteklerinin kalite yönetimi açisindan incelenmesi, 6. Tank projesi kapsaminda olusturulacak olan Malzeme Inceleme Komisyonunda (MIK)  yer alinmasi, 7. Laboratuvar ve Test birimlerinin akredite edilmesi sürecinde ISO/IEC 17025 standardi gerekliliklerine uygun kalite yönetim sisteminin kurulmasi isletilmesi ve sürekliliginin saglanmasina katki saglama, 8. Tank Projesi kapsamindaki cihaz ve ekipmanlarin kalibrasyon statüleri takibi, 9. Tank projesinde alim yapilmasi düsünülen altyüklenicilerin gerektiginde kalite sistem denetimlerinin yapilmasi,  Kendisine bagli çalisanlari yönlendirerek tedarikçi firmalarin kalite faaliyetlerine katkida bulunmak, Claim malzemelere ait incelemelerde bulunmak bant claimlerini degerlendirmek raporlamak ve yayinlanmak., Satis sonrasinda olusan yan sanayi kaynakli müsteri sikayeti ve claimlerin iyilestirme çalismalarini yürütmek, Yan sanayi firmalarin ürün veya proses denetimlerini planlamak ve yapmak., Satinalma Direktörlügü ile birlikte Otokara tedarikçi olabilecek firmalari tesbit etmek degerlendirmek ve devreye girislerini saglamak, Periyodik tedarikçi performanslarinin takibini ve raporlanmasini saglamak. Kalite performans takibi sonrasi aksiyon alinmasi gereken tedarikçilerin tesbiti ve gerekli aksiyonlarin alinmasini saglamak, Giriste montaj hatlarinda veya satis sonrasinda tesbit edilen tedarikçi kaynakli problemler ile ilgili DÖFlerin açilmasini saglamak. Bu problemler ile ilgili gerekli aksiyonlarin alinmasini saglayarak açilan DÖFlerin kapanmasini organize etmek., Bagli çalisanlarin (BY ve Saha Çalisani) egitim ihtiyacini tesbit ederek gerekli egitimlerin alinmasini saglamak, Tedarikçi kaynakli kayip isçiliklerin tesbit edilerek Satinalma Direktörlügü araciligi ile tedarikçilere yansitilmasini saglamak için Tedarikçi Ceza Formlarinin hazirlanmasini saglamak, Ana sorumluluklar kapsaminda prosedür talimat form vb gibi dokümanlarin QDMS Kalite Yönetim Sisteminde olusturulmasi yayinlanmasi uygunlugu açisindan gözden geçirilmesi ve onaylanmasi., Sorumluluk alanindaki çalismalarin Kalite Çevre Enerji Bilgi Güvenligi Is Sagligi ve Güvenligi ve sirketin uyum ile ilgili tüm prosedür ve talimatlarina uygun olarak ge Tüm kategorilerdeki direkt alim yapilan tedarikçilerin takibi denetleme ve degerlendirilmesi ile iyilestirme faaliyetlerinin sürdürülmesi, Tüm kategoriler için OTOKARa tedarikçi olabilecek firmalari tesbit etmek tespit edilen firmalarin potansiyel tedarikçi denetimlerini gerçeklestirmek denetim sonuçlarini raporlamak ve onaylanan tedarikçilerin devreye girislerini takip etmek ve saglamak, Kendi kategori sorumlulugunda bulunan tedarikçi performanslarinin takibini ve raporlanmasini saglamak performansi gelistirilecek firmalari tespit ederek iyilestirme faaliyetleri planlamak ve gerçeklestirmek, Tüm kategoriler için tedarikçi denetim ziyaret devreye alma iyilestirme faaliyeti vb konularda tespit edilen uygunsuzluk iyilestirme konulari ve DÖFlerin takibi ile zamaninda kapatilmasinin saglanmasi, Sorumlulugunda bulunan parçalarin claim parça tespiti ve raporlamalarinin gerçeklestirilmesini saglamak parça analizleri ve claim datalarinin analizini yaparak gelistirilecek konularin tespit edilmesi ve iyilestirme çalismalarinin tetiklenmesi, Yeni proje devreye alma sürecine destek olmak, Numune / prototip parça kapsamindaki tedarikçilerden gelecek parçalarin zamaninda ve uygun olarak getirilmesine destek olmak gelecek PPAP ve / ilk numune raporlarinin uygunlugunu kontrol etmek ve uygunsuzluklarin giderilmesi için faaliyet gerçeklestirmek, Problemlerin çözümü konularinda tedarikçilere çözüm ortakligi saglamak, Direkt alim kategorisindeki parçalara ait 8D faaliyetlerini yönetmek raporlama faaliyetlerinin zamaninda yapilmasini saglamak., Lokalizasyon faaliyetlerinde buyerlar ile isbirligi yaparak faaliyete destek saglamak, Sürdürülebilirlik karbon azaltimi sinirda karbon denetlemesi vb faaliyetlerde tedarikçilerle alakali ilgili tüm süreçlerin takibi ve gerçeklestirilecek aksiyonlarin zamaninda gerçeklestirilmesininin saglanmasi, Parça yayinlarinin dagitimini yapmak bunlari devreye girislerini takip etmek iç imalata uygun olanlarin ilgili departmanlarla görüsülerek ikmak kaynaklarinin degistirilmesini saglamak devreye alis süreçlerinde Tedarikçi Gelistirme olarak takip edilecek parça veya sistemlerin belirlenerek ilgili kategorilerle takibini yapmak., Sorumluluk alanindaki çalismalarin Kalite Çevre Enerji Bilgi Güvenligi Is Sagligi ve Güvenligi ve sirketin uyum ile ilgili tüm prosedür ve talimatlarina uygun olarak ge Tüm kategorilerdeki direkt alim yapilan tedarikçilerin takibi denetleme ve degerlendirilmesi ile iyilestirme faaliyetlerinin sürdürülmesi, Tüm kategoriler için OTOKARa tedarikçi olabilecek firmalari tesbit etmek tespit edilen firmalarin potansiyel tedarikçi denetimlerini gerçeklestirmek denetim sonuçlarini raporlamak ve onaylanan tedarikçilerin devreye girislerini takip etmek ve saglamak, Kendi kategori sorumlulugunda bulunan tedarikçi performanslarinin takibini ve raporlanmasini saglamak performansi gelistirilecek firmalari tespit ederek iyilestirme faaliyetleri planlamak ve gerçeklestirmek, Tüm kategoriler için tedarikçi denetim ziyaret devreye alma iyilestirme faaliyeti vb konularda tespit edilen uygunsuzluk iyilestirme konulari ve DÖFlerin takibi ile zamaninda kapatilmasinin saglanmasi, Sorumlulugunda bulunan ret ve claim datalarinin analizini yaparak gelistirilecek konularin tespit edilmesi ve iyilestirme çalismalarinin tetiklenmesi, Yeni proje devreye alma sürecine destek olmak, Numune / prototip parça kapsamindaki tedarikçilerden gelecek parçalarin zamaninda ve uygun olarak getirilmesine destek olmak gelecek PPAP ve / ilk numune raporlarinin uygunlugunu kontrol etmek ve uygunsuzluklarin giderilmesi için faaliyet gerçeklestirmek, Problemlerin çözümü konularinda tedarikçilere çözüm ortakligi saglamak, Direkt alim kategorisindeki parçalara ait 8D faaliyetlerini yönetmek raporlama faaliyetlerinin zamaninda yapilmasini saglamak., Lokalizasyon faaliyetlerinde buyerlar ile isbirligi yaparak faaliyete destek saglamak, Sürdürülebilirlik karbon azaltimi sinirda karbon denetlemesi vb faaliyetlerde tedarikçilerle alakali ilgili tüm süreçlerin takibi ve gerçeklestirilecek aksiyonlarin zamaninda gerçeklestirilmesininin saglanmasi, Devreye alis süreçlerinde Tedarikçi Gelistirme olarak takip edilecek parça veya sistemlerin belirlenerek ilgili kategorilerle takibini yapmak., Sorumluluk alanindaki çalismalarin Kalite Çevre Enerji Bilgi Güvenligi Is Sagligi ve Güvenligi ve sirketin uyum ile ilgili tüm prosedür ve talimatlarina uygun olarak ge"
004921;TEDARIKÇI GELISTIRME TAKIMI;TEDARIKÇI GELISTIRME VE MALIYET OPT LID;" Otokarin mevcut tedarikçilerinin Otokarin beklentileri ve uluslararasi standartlara uyum saglamalari için gerekli gelisim faaliyetlerini yürütmek . Ayrica Otokara yeni katilacak tedarikçilerin bu ister ve standartlara uygunlugunu denetleyerek devreye alma sürecini yönetmek.";Tedarikçi Gelistirme liderliginin  yönlendirmesi ve onayi dogrultusunda çalisir.;" 1. Sorumlu oldugu araç grubu ile ilgili üretim isemirlerini yayinlamak  ve takip etmek, 2. Gerekli durumlarda parça iç imalat ve program disi faaliyetler için is emrilerini açip yayinlamak, 3. Sorumlu oldugu araç gruplari için Mühendislik ve Arge departmanlarindan gelen yayinlarin ilgili kisitlari analiz ederek devreye giris planlarini yapmak ve plana uyuldugunu kontrol etmek, 4. Yayinlarin sonucunda kullanimdan kalkan malzemelerin stoklarinin raporlanmasi ve degerlendirilmesi için gerekli faaliyetleri yürütmek, 5. Sorumlu oldugu araç grubu için sasi ve motor  numaralarini belirleyerek yayinlamak., 6. Sorumlu oldugu araç grubu için detay üretim programlarini olusturup yayinlamak. Sistemde is emrilerinin olusmasini saglamak.Tüm departmanlar ile sürekli irtibat halinde olup plana uyuldugunu kontrol altinda tutmak. Gerektigi durumlarda programlari, 7. Sorumlu oldugu araç grubu için sevkiyat programlarini olusturup yayinlamak Tüm departmanlar ile sürekli irtibat halinde olup plana uyuldugunu kontrol altinda tutmak. Gerektigi durumlarda programlari revize etmek., 8. Iyilestirme projelerine lider ve/veya takim üyesi olarak katki vermek., 9. Periyodik raporlari hazirlamak., 1. Müsteri siparislerine üretim kisit ve kapasitelerine uygun sekilde ana üretim programinin ve üretim merkezleri bazinda günlük detay programlarinin hazirlanmasini. Programlara uyumu kontrol etmek ve bu yönde gerekli koordinasyon faaliyetlerini yürütmek., 2. Malzeme planlama ve üretim faaliyetlerinin yürütülebilmesi için gerekli isemirlerinin olusturulmasi ve güncellenmesi, 3. Üretimi tamamlamis olan araçlarin sevkiyati için gereken faaliyetleri yönetmek., Sevkiyatlarin müsteri talepleri dogrultusunda zamaninda gerçeklesebilmesini saglamak. Bu dogrultuda gerekli planlama faaliyetlerini yöneterek özellikle “üretim” “kalite” ve “satinalma” birimlerini yönlendirmek., 4. Yeni projelerin üretimine  aksamadan devam ettirilebilmesi amaciyla gerekli AMG KIT ve  Zirh Saclarinin malzeme planlama faaliyetlerini yürütmek, 5. Üst yönetim tarafindan alinan güvenlik stogu kararlarini takip ederek gerekli stok seviyelerinin olusturulabilmesi için üretim planlama ve kontrol faaliyetlerinin yürütülmesi., 6. Ihale ve tekliflerde rekabetçi teslimat takvimlerini belirlemek bu dogrultuda satinalma mühendislik ve üretim mühendisligi birimleri ile gerekli koordinasyon faaliyetlerini yürütmek., 7. Sirket misyon ve vizyonu dogrultusunda iyilestirme faaliyetlerini yürütmek, 8. Yeni yayinlanan parçalarin isemirlerindeki güncelliginin kontrolu ve üretime zamaninda gelmesi için kontrol faaliyetlerinin yürütülmesi, 9. Üretimi devam eden araçlarin eksik parçadan dolayi süreçlerinde gecikmesini engelleyecek  teslimati zamaninda yapabilmek için ilgili birimleri özellikle satinalmaüretim ve kalite birimlerinin düzeltici/önleyici faaliyetlerde bulunmasini saglamak için  koordine etmek, 10. Planli üretim haricinde talep edilen üretimin uygunlugunun incelenerek is planlarina dahil edilmesini saglamak ve gerçeklesmesini kontrol etmek., 1. Müsteri siparislerine üretim kisit ve kapasitelerine uygun sekilde ana üretim programinin ve üretim merkezleri bazinda günlük detay programlarinin hazirlanmasini. Programlara uyumu kontrol etmek ve bu yönde gerekli koordinasyon faaliyetlerini yürütmek., 2. Malzeme planlama ve üretim faaliyetlerinin yürütülebilmesi için gerekli isemirlerinin olusturulmasi ve güncellenmesi, 3. Üretimi tamamlamis olan araçlarin sevkiyati için gereken faaliyetleri yönetmek., Sevkiyatlarin müsteri talepleri dogrultusunda zamaninda gerçeklesebilmesini saglamak. Bu dogrultuda gerekli planlama faaliyetlerini yöneterek özellikle “üretim” “kalite” ve “satinalma” birimlerini yönlendirmek., 4. Yeni projelerin üretimine  aksamadan devam ettirilebilmesi amaciyla gerekli AMG KIT ve  Zirh Saclarinin malzeme planlama faaliyetlerini yürütmek, 5. Üst yönetim tarafindan alinan güvenlik stogu kararlarini takip ederek gerekli stok seviyelerinin olusturulabilmesi için üretim planlama ve kontrol faaliyetlerinin yürütülmesi., 6. Ihale ve tekliflerde rekabetçi teslimat takvimlerini belirlemek bu dogrultuda satinalma mühendislik ve üretim mühendisligi birimleri ile gerekli koordinasyon faaliyetlerini yürütmek., 7. Sirket misyon ve vizyonu dogrultusunda iyilestirme faaliyetlerini yürütmek, 8. Yeni yayinlanan parçalarin isemirlerindeki güncelliginin kontrolu ve üretime zamaninda gelmesi için kontrol faaliyetlerinin yürütülmesi, 9. Üretimi devam eden araçlarin eksik parçadan dolayi süreçlerinde gecikmesini engelleyecek  teslimati zamaninda yapabilmek için ilgili birimleri özellikle satinalmaüretim ve kalite birimlerinin düzeltici/önleyici faaliyetlerde bulunmasini saglamak için  koordine etmek, 10. Planli üretim haricinde talep edilen üretimin uygunlugunun incelenerek is planlarina dahil edilmesini saglamak ve gerçeklesmesini kontrol etmek., 1. Yeni proje devreye alma sürecine destek olmak, 2. Yeni parçalarin üretimi destekleyecek sekilde getirilmesi için birim içi koordinasyonu saglamak, 3. Periyodik analizlerle yeni parçalarin durumlarini analiz etmek, 4. Yeni parça satinalma süreçlerininnbsp durumlarininbsp raporlamak, 5. Sirket misyon ve vizyonu dogrultusunda iyilestirme faaliyetlerini yürütmek, 6.Yeni proje toplantilarinda görev ve sorumluluklar dahilinde yer almak, 1. Sorumluluk alanindaki çalismalarin Kalite Çevre Enerji Bilgi güvenligi Is Sagligi ve Güvenligi ile ilgili talimat ve kurallara uygun yapilmasini ilgili birimler ile koordineli olarak gerekli risk önleyici tedbirlerin alinmasini ve gelisimini yönetmek., 2. Uluslararasi otomotiv sektörü standartlarinda tedarikçi gelistirme stratejilerini belirlemek ve uygulamak., 3. Mevcut tedarikçi portföyünü degerlendirmek ve gelisim alanlarini tanimlamak., 4. Tedarikçi performansini izlemek ve sürekli iyilestirme için önlem almak., 5. Tedarikçi iliskilerini yönetmek ve isbirligi için etkili iletisim kurmak. Kalite sürdürülebilirliknbspve teslimat sürelerinde iyilestirme firsatlarini arastirmak ve uygulamak.nbsp, 6.Tedarikçi gelistirme proje planlarini hazirlamak ve bunlari yönetmek takibini saglamak., 7.Tedarikçi denetimlerini yaptirmak/yapmak ve uygunluklarini kontrol etmek., 8.Sirket politikalari ve standartlarina uygun olarak tedarikçi performansini degerlendirmek., Çevik çalisma metodolojisinin gerekliliklerinin (daily, sprint planlama, review vb.) yerine getirilmesini saglamak., "
006699;TEDARIKÇI GELISTIRME VE MALIYET OPT LID;TEDARIKÇI GELISTIRME VE MALIYET OPT LID;Malzeme kaynaklarina yönelik fiyat analizi çalismalari yaparak sirketin belirlemis oldugu maliyet hedeflerinin gerçeklesmesinin saglanmasi.;Maliyet Optimizasyon süreç sahibidir;" 1.Temin edilen parçalarin zaman etütlerini yapmak, 2.Temin edilen parçalarin hammadde ve yari mamul malzemelerin maliyet analizlerini yapmak ve tedarikçi analizlerini dogrulamak, 3.Tedarikçi gruplarina göre maliyet analizi alt yapisi olusumuna destek vermek, 4.Detayli maliyet analizleri (Cost Breakdown) hazirlamak ve gerektiginde güncellemek., 5.Iyilestirme çalismasi yapilan veya proseslerinde degisiklik yapilan ürünler ile ilgili verileri maliyet analizlerine yansitmak., 6.Verimlilik çalismalarina katilmak, 7.Araç maliyeti ucuzlatma çalismalari yapmak,  1.Temin edilen parçalarin zaman etütlerini yapmak, 2.Temin edilen parçalarin hammadde ve yari mamul malzemelerin maliyet analizlerini yapmak ve tedarikçi analizlerini dogrulamak, 3.Tedarikçi gruplarina göre maliyet analizi alt yapisi olusumuna destek vermek, 4.Detayli maliyet analizleri (Cost Breakdown) hazirlamak ve gerektiginde güncellemek., 5.Iyilestirme çalismasi yapilan veya proseslerinde degisiklik yapilan ürünler ile ilgili verileri maliyet analizlerine yansitmak., 6.Verimlilik çalismalarina katilmak, 7.Araç maliyeti ucuzlatma çalismalari yapmak, • Maliyet Optimizasyon fikirlerinin yaratilmasi takip edilmesi uygulanmasi ve yönetime raporlanmasi, • Araç ve Parça maliyet ucuzlatma ve raporlama,  1.Temin edilen parçalarin zaman etütlerini yapmak, 2.Temin edilen parçalarin hammadde ve yari mamul malzemelerin maliyet analizlerini yapmak ve tedarikçi analizlerini dogrulamak, 3.Tedarikçi gruplarina göre maliyet analizi alt yapisi olusumuna destek vermek, 4.Detayli maliyet analizleri (Cost Breakdown) hazirlamak ve gerektiginde güncellemek., 5.Iyilestirme çalismasi yapilan veya proseslerinde degisiklik yapilan ürünler ile ilgili verileri maliyet analizlerine yansitmak., 6.Verimlilik çalismalarina katilmak, 7.Araç maliyeti ucuzlatma çalismalari yapmak, Çevik çalisma metodolojisinin gerekliliklerinin (daily, sprint planlama, review vb.) yerine getirilmesini saglamak., "
006937;TEDARIKÇI GELISTIRME TAKIMI;TEDARIKÇI GELISTIRME VE MALIYET OPT LID;"Sirket strateji ve politikalarina uygun olarak mevcut tedarikçilerin takibi degerlendirilmesi ve gelistirilmesi  ile ilgili tüm proses gelistirme dahil aktivitelerin yapilmasi Caim sürecinin yönetilmesi incelenmesi ve claim azaltim ile ilgili tüm aktivitelerin gerçeklestirilmesi ";"Sorumluluklar kapsaminda ilgili faaliyetleri gerçeklestirme ";" 1-Yeni ve mevcut tedarikçilerin kalite yönetim sistemlerini tedarikçi bünyesindeki uygulamasinin denetlenmesi izlenmesi ve gerekirse bu konudaki sorunlari çözüme ulastirilmasi yönünde destek vermek., 2-Yeni ve mevcut tedarikçilerde üretilmekte olan veya üretilmesine karar verilen parçalara ait ilgili tüm proseslerin incelenmesi denetlenmesinden denetlemeler sonucu ortaya çikan düzeltici faaliyetlerin takibini yapmak (major kalite problemi olmasi durumunda veya tedarikçi performansinin yeterli görülmemesi durumlarinda.), 3-tedarikçilerin performansina göre siniflandirmak ve onayli tedarikçi listesini olusturmak., 4-parça temini yapilan tedarikçilerde uyumsuzluk veya parçalarda sürekli uygunsuzluk oldugu durumlarda alternatif çözümler yaratmak., Sorumluluk alanindaki çalismalarin Kalite Çevre Enerji Bilgi Güvenligi Is Sagligi ve Güvenligi ve sirketin uyum ile ilgili tüm prosedür ve talimatlarina uygun olarak ge Tüm kategorilerdeki direkt alim yapilan tedarikçilerin takibi denetleme ve degerlendirilmesi ile iyilestirme faaliyetlerinin sürdürülmesi, Tüm kategoriler için OTOKARa tedarikçi olabilecek firmalari tesbit etmek tespit edilen firmalarin potansiyel tedarikçi denetimlerini gerçeklestirmek denetim sonuçlarini raporlamak ve onaylanan tedarikçilerin devreye girislerini takip etmek ve saglamak, Kendi kategori sorumlulugunda bulunan tedarikçi performanslarinin takibini ve raporlanmasini saglamak performansi gelistirilecek firmalari tespit ederek iyilestirme faaliyetleri planlamak ve gerçeklestirmek, Tüm kategoriler için tedarikçi denetim ziyaret devreye alma iyilestirme faaliyeti vb konularda tespit edilen uygunsuzluk iyilestirme konulari ve DÖFlerin takibi ile zamaninda kapatilmasinin saglanmasi, Sorumlulugunda bulunan parçalarin claim parça tespiti ve raporlamalarinin gerçeklestirilmesini saglamak parça analizleri ve claim datalarinin analizini yaparak gelistirilecek konularin tespit edilmesi ve iyilestirme çalismalarinin tetiklenmesi, Yeni proje devreye alma sürecine destek olmak, Numune / prototip parça kapsamindaki tedarikçilerden gelecek parçalarin zamaninda ve uygun olarak getirilmesine destek olmak gelecek PPAP ve / ilk numune raporlarinin uygunlugunu kontrol etmek ve uygunsuzluklarin giderilmesi için faaliyet gerçeklestirmek, Problemlerin çözümü konularinda tedarikçilere çözüm ortakligi saglamak, Direkt alim kategorisindeki parçalara ait 8D faaliyetlerini yönetmek raporlama faaliyetlerinin zamaninda yapilmasini saglamak., Lokalizasyon faaliyetlerinde buyerlar ile isbirligi yaparak faaliyete destek saglamak, Sürdürülebilirlik karbon azaltimi sinirda karbon denetlemesi vb faaliyetlerde tedarikçilerle alakali ilgili tüm süreçlerin takibi ve gerçeklestirilecek aksiyonlarin zamaninda gerçeklestirilmesininin saglanmasi, Parça yayinlarinin dagitimini yapmak bunlari devreye girislerini takip etmek iç imalata uygun olanlarin ilgili departmanlarla görüsülerek ikmak kaynaklarinin degistirilmesini saglamak devreye alis süreçlerinde Tedarikçi Gelistirme olarak takip edilecek parça veya sistemlerin belirlenerek ilgili kategorilerle takibini yapmak., • ISO 27001 süreçlerine dahil olmak. tedarikçi degerlendirme varlik envanteri olusturma riskleri belirleme ve yönetme gibi isleri takip etmek, "
007105;MALIYET OPTIMIZASYON TAKIMI;TEDARIKÇI GELISTIRME VE MALIYET OPT LID;Malzeme kaynaklarina yönelik fiyat analizi yaparak sirketin belirlemis oldugu maliyet hedeflerinin gerçeklestirilmesinin saglanmasi.;Yöneticisinin yönlendirmeleri ile faaliyet gösterir;"esini saglamak homologasyon sürecinde ilgili departmanla koordinasyon içinde çalismak, 9. Türev araç projelerinde baz ve versiyon modellerin agirlik hesaplamalarini yapmak, 10. Ürün ve projelerin CAD productlarini olusturmak tasarim gözden geçirme faaliyetlerini yapmak tasarim faaliyetleri esnasinda olusan sorun ve sikintilarin çözümü için gerekli aksiyonlarin alinmasini saglamak, 11. Bölüm içi fabrika içi Ar-Ge is süreçlerinin takibini yapmak birimler arasi (tasarim satinalma üretim üretim tesis planlama kalite analiz test satis sonrasi ..vb) koordinasyonu saglamak, 12. Araçlarin seri üretim devreye alma sürecini takip etmek ve Ar-Ge faaliyetlerini bölüm içinde koordine etmek, 13. Mevcut ürünlerin gelistirme test ve validasyon süreçlerini türevlerin olusturulmasi devreye alinmasi prosesine katilmak araçlarin yasam döngüsü boyunca takibini yapmak teknik özelliklerinin ve ilgili süreçlerin tam ve dogru oldugunu kontrol etmek, 14. Ar-Ge Direktörlügü gelistirme projelerinde ölçüm ve analiz süreçlerinde çalismak iyilestirme konulari ile ilgili düzeltici/önleyici faaliyetlerin ilgili bölümlerle koordinasyonunu saglayarak araçlara uygulanmasini gerçeklestirmek, 15. Ar-Ge Direktörlügü gelistirme projelerinde tasarim gözden geçirme ve dogrulama teknik veri paketinin hazirlanmasi teknik toplantilar raporlar kabuller ürün teslimatlari vb. faaliyetleri icra etmek ve koordine etmek, 16. Araçlarla ilgili satis sonrasinda çikan problemlerin takibini koordinasyonunu yapmak Ar-Ge içinde önleyici tedbirlerin alinmasini saglamak SSH araciligi ile sahada icra edilecek düzeltici faliyetlerinin yapilmasini saglamak ve faaliyetlere katilmak, 17. Malzeme listelerinin kontrolünü yapmak eksik hatali noktalarda ilgili birimlerin faaliyet yürütmesini saglamak, 18. Araç manuellerinin kontrolünü yapmak, Temin edilen parçalarin fiili zaman etütlerinin yapilmasi, Temin edilen parçalarin hammadde ve yari mamül malzemelerin maliyet analizlerinin yapilmasi ve tedarikçi analizlerinin dogrulanmasi, Tedarikçi kategorilerine göre maliyet analizi alt yapisi olusturulmasi, Kategori bazli detayli maliyet analizleri hazirlanmasi ve güncellenmesi, Araç maliyetnbspiyilestirme çalismalari yapilmasi, Fiili araç maliyeti takip ve raporlanmasi, Parça maliyet degisimleri takip ve raporlanmasi, Maliyet iyilestirme faaliyetlerinin planlanmasi ve uygulanmasi. Sonuçlarin izlenmesi üst yönetime raporlanmasi, Tedarikçi seçme degerlendirme ve devreye alma faaliyetlerinin satinalma sürecine göre yönetilmesi, Ucuzlatma faaliyetleri kapsaminda malzeme siparislerinin prosedür ve talimatlara göre verilmesinin saglanmasi, Ucuzlatma faaliyetleri kapsaminda yeni tedarikçilerin devreye alinma sürecinin izlenmesi ve saglanmasi, Çevik çalisma metodolojisinin gerekliliklerinin (daily, sprint planlama, review vb.) yerine getirilmesini saglamak., "
007450;ENDIREKT SATINALMA TAKIMI;TEDARIKÇI GELISTIRME VE MALIYET OPT LID;Üretim disi malzeme duran varlik yatirim ve hizmet grubu alimi programinin yürütülmesi.;SRM prosedürü Genel Satinalma ve Maliyet Yönetimi Müdürü talimatlari çerçevesinde çalisir.;"  Sistem üzerinden kendi ekranina gelen talepler için ihaleye çikmak siparis olusturmak ve siparis takibini yaparak ilgili depo veya talepçisine malzemeyi teslim ettirmek. olusabilecek fiyat farklari için firmalar ile iletisimde olmak. gerekli ise sözlesme yapmak ve sisteme kayit etmek.,  1.SRM( Supplier Relationship Management )- Birimlerin üretim disi malzeme alim programlarini yürütmek., 2.SRM( Supplier Relationship Management )- Birimlerin Duran varlik demirbas insaat hizmet ve yatirim gruplari alim programlarini yürütmek., 3.Endirek Malzeme konsinye depo yönetimi., 4.Araç nakliye organizasyonlari yönetimi., 5.Endirek Malzeme insaat nakliye yatirim ve hizmet grubu taleplerini toplamak siparisleri vermek fiyat teyidini yapmak bakiyenbsp ve teslimat süreci takibi yapmak., 5.Yapilan satinalma süreçleri ile ilgili Hukuk departmani ile birlikte sözlesmelerin hazirlanmasi ve arsivlenmesi. Sözlesmelerin tedarikçiler ile imzalanmasi süreçlerinin yönetilmesi, 6.Elektronik ihale organize etmek ilgili islerin elektronik ihalelerinin yapimi. Is kapsamina göre ihale yöntemlerinin belirlenmesi., 7.Ilgili satinlama ürünlerinin saha ve pazar arastirmalarinin yapilmasi., 8.Endirek satinalma tarafinda süreç iyilestirme maliyet iyilestirme projeleri yönetmek ve endirek satinalma dijitallesme çalismalarinin içerisinde bulunmak., 9. Enerji komitesinde görev almak., 10. Genel Satinalma performans ve is süreçlerini periyodik olarak yönetime rapor etmek., Çevik çalisma metodolojisinin gerekliliklerinin (daily, sprint planlama, review vb.) yerine getirilmesini saglamak., "
008395;MALIYET OPTIMIZASYON TAKIMI;TEDARIKÇI GELISTIRME VE MALIYET OPT LID;Maliyet analizi çalismalari yaparak sirketin belirlemis oldugu maliyet hedeflerinin gerçeklesmesinin saglanmasi.;Yöneticisinin yönlendirmeleri ile faaliyet yürütür.;"•	Temin edilen parçalarin fiili zaman etütlerinin yapilmasi, •	Temin edilen parçalarin hammadde ve yari mamul malzemelerin maliyet analizlerini yapilmasi ve tedarikçi analizlerini dogrulanmasi, •	Tedarikçi kategorilerine göre maliyet analizi alt yapisi olusturulmasi, •	Kategori bazli detayli maliyet analizleri hazirlanmasi ve güncellenmesi, •	Araç maliyeti ucuzlatma çalismalari yapilmasi, •	Fiili araç maliyeti takip ve raporlamalanmasi, •	Parça maliyet degisimleri takip ve raporlanmasi, •	Maliyet iyilestirme faaliyetlerini planlanmasi ve uygulanmasi sonuçlarinin izlenmesi ve üst yönetime raporlanmasi, •	Tedarikçi seçme degerlendirme ve devreye alma faaliyetlerinin satinalma sürecine göre yönetilmesi, •	Ucuzlatma faaliyetleri kapsaminda malzeme siparislerinin prosedür ve talimatlara göre verilmesinin saglanmasi, •	Ucuzlatma faatliyetleri kapsaminda yeni tedarikçilerin devreye alinma sürecinin izlenmesi ve saglanmasi, •	Tedarikçi iliskilerinin yönetilmesi ve gelistirilmesi, •	Yurtdisi projelerindeki satinalma süreçlerine ekip üyesi olabilecek, • Temin edilen parçalarin fiili zaman etütlerinin yapilmasi, • Temin edilen parçalarin hammadde ve yari mamul malzemelerin maliyet analizlerini yapilmasi ve tedarikçi analizlerini dogrulanmasi, • Tedarikçi kategorilerine göre maliyet analizi alt yapisi olusturulmasi, • Kategori bazli detayli maliyet analizleri hazirlanmasi ve güncellenmesi, • Araç maliyeti ucuzlatma çalismalari yapilmasi, • Fiili araç maliyeti takip ve raporlamalanmasi, • Parça maliyet degisimleri takip ve raporlanmasi, • Maliyet iyilestirme faaliyetlerini planlanmasi ve uygulanmasi sonuçlarinin izlenmesi ve üst yönetime raporlanmasi, • Tedarikçi seçme degerlendirme ve devreye alma faaliyetlerinin satinalma sürecine göre yönetilmesi, • Ucuzlatma faaliyetleri kapsaminda malzeme siparislerinin prosedür ve talimatlara göre verilmesinin saglanmasi, • Ucuzlatma faatliyetleri kapsaminda yeni tedarikçilerin devreye alinma sürecinin izlenmesi ve saglanmasi, • Tedarikçi iliskilerinin yönetilmesi ve gelistirilmesi, • Yurtdisi projelerindeki satinalma süreçlerine ekip üyesi olabilecek, Çevik çalisma metodolojisinin gerekliliklerinin (daily, sprint planlama, review vb.) yerine getirilmesini saglamak., "
009959;TEDARIK ZINCIRI YÖNETIMI LIDERLIGI;TEDARIK ZINCIRI YÖNETIMI LIDERLIGI;Iyilestirmeye gereksinin duyulan ithal yerli parçalarin alternatif kaynaklari dikkate alarak teminini saglama ve/veya yan sanayi gelistirme sorun giderme faaliyetlerinin yapilmasi.;Yöneticisinin yönlendirmesiyle çalisir;"  • Elektrikli araçlar için tesiat komponent kütüphanelerinin Capital üzerinde yapilmasinin yönetilmesi, • Elektrikli araç devre semalarinin çizilmesinin yönetilmesi, • Tesisat 2D/3D çizimlerin tamamlanmasinin yönetilmesi, • Ihale isterlerine göre yeni donanim seçimi ve araç entegrasyonlarinin yapilmasinin yönetilmesi, • Yeni component devreye alma süreci ve RFQ dökümanlarinin yayinlanmasinin yönetilmesi, • Batarya paketi tasariminin tedarikçiler ile gelistirilmesinin yönetilmesi, • Prototip araçlar için devreye alma ve diagnostic desteginin saglanmasinin yönetilmesi, • Otokar tasarimi kontrol üniteleri ve güç dagitim üniteleri için iyilestirme çalismalarinin tedarikçiler ile yürütülmesinin yönetilmesi, • Müsteriden alinan geri bildirimler dogrultusunda tesisat ve component iyilestirmelerinin yapilmasinin yönetilmesi, • Yeni regülasyonlar geregi devreye alinmasi gereken sistemler için devre semasi tesisat tasarimi ve prototip araç entegrasyonlarinin yapilmasi sonrasinda seri Üretim versiyon yayinlarinin yapilmasinin yönetilmesi, • Validasyon süresince çikan teknik problemler için kök neden analizinde destek olmak, • Sistem sahipligi e-Mobilite ekibinde olan sistem component ve alt sistemler için prototip parça siparis araç entegrasyonu satin alma süreci koordinasyonu Kalite süreç koordinasyonunu saglamak, • Sorumluluk alaninda yer alan tüm komponentlerin seri resim yayinlarinin yapilmasinin yönetilmesi, • Prototip araçlar için Üretim tarif dökümanlarinin olusturulmasinin yönetilmesi, • Metot mühendisliginin ihtiyaç duydugu tool donanim ve uygulama bilgilerinin iletilmesinin yönetilmesi, • Proje yönetimi satis sonrasi hizmetler ve program yönetiminden gelen geri bildirimler dogrultusunda gerektiginde müsteri araçlari için saha destegi saglanmasinin yönetilmesi, • Batarya paketinin tasarim iyilestirmelerinin yapilmasinin yönetilmesi, • Yazilim ekibi ile anlasarak araç mimarisi konseptinin yayinlanmasinin yönetilmesi, • Otokar mühendislik standartlarinin olusturulmasinin yönetilmesi, Çevik çalisma metodolojisinin gerekliliklerinin (daily, sprint planlama, review vb.) yerine getirilmesini saglamak., "
010452;MALIYET OPTIMIZASYON TAKIMI;TEDARIKÇI GELISTIRME VE MALIYET OPT LID;"Malzeme kaynaklarina yönelik fiyat analizi çalismalari yaparak sirketin belirlemis oldugu maliyet hedeflerinin gerçeklesmesinin saglanmasi.  ";Yöneticisinin yönlendirmeleri ile faaliyet gösterir.;" • Temin edilen parçalarin fiili zaman etütlerinin yapilmasi, • Temin edilen parçalarin hammadde ve yari mamul malzemelerin maliyet analizlerini yapilmasi ve tedarikçi analizlerini dogrulanmasi, • Tedarikçi kategorilerine göre maliyet analizi alt yapisi olusturulmasi, • Kategori bazli detayli maliyet analizleri hazirlanmasi ve güncellenmesi, • Araç maliyeti ucuzlatma çalismalari yapilmasi, • Fiili araç maliyeti takip ve raporlamalanmasi, • Parça maliyet degisimleri takip ve raporlanmasi, • Maliyet iyilestirme faaliyetlerini planlanmasi ve uygulanmasi sonuçlarinin izlenmesi ve üst yönetime raporlanmasi, • Tedarikçi seçme degerlendirme ve devreye alma faaliyetlerinin satinalma sürecine göre yönetilmesi, • Ucuzlatma faaliyetleri kapsaminda malzeme siparislerinin prosedür ve talimatlara göre verilmesinin saglanmasi, • Ucuzlatma faatliyetleri kapsaminda yeni tedarikçilerin devreye alinma sürecinin izlenmesi ve saglanmasi, • Tedarikçi iliskilerinin yönetilmesi ve gelistirilmesi, • Yurtdisi projelerindeki satinalma süreçlerine ekip üyesi olabilecek, • Temin edilen parçalarin fiili zaman etütlerinin yapilmasi, • Temin edilen parçalarin hammadde ve yari mamul malzemelerin maliyet analizlerini yapilmasi ve tedarikçi analizlerini dogrulanmasi, • Tedarikçi kategorilerine göre maliyet analizi alt yapisi olusturulmasi, • Kategori bazli detayli maliyet analizleri hazirlanmasi ve güncellenmesi, • Araç maliyeti ucuzlatma çalismalari yapilmasi, • Fiili araç maliyeti takip ve raporlamalanmasi, • Parça maliyet degisimleri takip ve raporlanmasi, • Maliyet iyilestirme faaliyetlerini planlanmasi ve uygulanmasi sonuçlarinin izlenmesi ve üst yönetime raporlanmasi, • Tedarikçi seçme degerlendirme ve devreye alma faaliyetlerinin satinalma sürecine göre yönetilmesi, • Ucuzlatma faaliyetleri kapsaminda malzeme siparislerinin prosedür ve talimatlara göre verilmesinin saglanmasi, • Ucuzlatma faatliyetleri kapsaminda yeni tedarikçilerin devreye alinma sürecinin izlenmesi ve saglanmasi, • Tedarikçi iliskilerinin yönetilmesi ve gelistirilmesi, • Yurtdisi projelerindeki satinalma süreçlerine ekip üyesi olabilecek, Çevik çalisma metodolojisinin gerekliliklerinin (daily, sprint planlama, review vb.) yerine getirilmesini saglamak., "
011235;ENDIREKT SATINALMA TAKIMI;TEDARIKÇI GELISTIRME VE MALIYET OPT LID;Üretim disi malzeme ve hizmet alimi programinin yürütülmesi.;Yöneticisinin yönlendirmesiyle çalisir;" Sistem üzerinden kendi ekranina gelen talepler için ihaleye çikmak siparis olusturmak ve siparis takibini yaparak ilgili depo veya talepçisine malzemeyi teslim ettirmek. olusabilecek fiyat farklari için firmalar ile iletisimde olmak. gerekli ise sözlesme yapmak ve sisteme kayit etmek., Çevik çalisma metodolojisinin gerekliliklerinin (daily, sprint planlama, review vb.) yerine getirilmesini saglamak., "
011311;TEDARIKÇI GELISTIRME VE MALIYET OPT LID;TEDARIKÇI GELISTIRME VE MALIYET OPT LID;Otokar’in mevcut tedarikçilerinin Otokar’in beklentileri ve uluslararasi standartlara uyum saglamalari için gerekli gelisim faaliyetlerini yürütmek ayrica Otokar’a yeni katilacak tedarikçilerin bu ister ve standartlara uygunlugunu denetleyerek devreye alma sürecini yönetmek.;Yeni ve mevcut tedarikçilerin degerlendirme / denetleme süreci tedarikçi olma yeni parça blokaj tedarikçi çikarim.;"   • Uluslararasi otomotiv sektörü standartlarinda tedarikçi gelistirme stratejilerini belirlemek ve uygulamak., • Mevcut tedarikçi portföyünü degerlendirmek ve potansiyel gelisim alanlarini tanimlamak., • Tedarikçi performansini izlemek ve sürekli iyilestirme için önlemler almak., • Tedarikçi iliskileri yönetmek ve isbirligi için etkili iletisim kurmak.Kalite sürdürülebilirlik ve teslimat sürelerinde iyilestirme firsatlarini arastirmak ve uygulamak., • Tedarik zinciri yönetimi süreçlerini optimize etmek ve verimliligi artirmak.Tedarikçi denetimleri yapmak ve uygunluklari kontrol etmek., • Tedarikçi gelistirme proje planlari hazirlamak ve bunlari yönetmek ve takip etmek., • Sirket politikalari ve standartlarina uygun olarak tedarikçi performansini degerlendirmek., • Tedarikçi gelistirme ekibini yönetmek ve gelistirmek.,  • Uluslararasi otomotiv sektörü standartlarinda tedarikçi gelistirme stratejilerini belirlemek ve uygulamak., • Mevcut tedarikçi portföyünü degerlendirmek ve potansiyel gelisim alanlarini tanimlamak., • Tedarikçi performansini izlemek ve sürekli iyilestirme için önlemler almak., • Tedarikçi iliskileri yönetmek ve isbirligi için etkili iletisim kurmak.Kalite sürdürülebilirlik ve teslimat sürelerinde iyilestirme firsatlarini arastirmak ve uygulamak., • Tedarikçi gelistirme proje planlari hazirlamak ve bunlari yönetmek ve takip etmek., • Tedarikçi denetimleri yaptirmak / yapmak ve uygunluklari kontrol etmek., • Sirket politikalari ve standartlarina uygun olarak tedarikçi performansini degerlendirmek., • Tedarikçi gelistirme ekibini yönetmek ve gelistirmek., Çevik çalisma metodolojisinin gerekliliklerinin (daily, sprint planlama, review vb.) yerine getirilmesini saglamak., "
012086;TEDARIKÇI GELISTIRME TAKIMI;TEDARIKÇI GELISTIRME VE MALIYET OPT LID;Otokarin mevcut tedarikçilerinin Otokarin beklentileri ve uluslararasi standartlara uyum saglamalari için gerekli gelisim faaliyetlerini yürütmek . Ayrica Otokara yeni katilacak tedarikçilerin bu ister ve standartlara uygunlugunu denetleyerek devreye alma sürecini yönetmek.;Tedarikçi Gelistirme PO yönlendirmesi ve onayi dogrultusunda çalisir.;"•  • Uluslararasi otomotiv sektörü standartlarinda tedarikçi gelistirme stratejilerini belirlemek ve uygulamak., • Mevcut tedarikçi portföyünü degerlendirmek ve gelisim alanlarini tanimlamak., • Tedarikçi performansini izlemek ve sürekli iyilestirme için önlem almak., • Tedarikçi iliskilerini yönetmek ve isbirligi için etkili iletisim kurmak. Kalite sürdürülebilirliknbspve teslimat sürelerinde iyilestirme firsatlarini arastirmak ve uygulamak, • Tedarikçi gelistirme proje planlarini hazirlamak ve bunlari yönetmek takibini saglamak., • Tedarikçi denetimlerini yaptirmak/yapmak ve uygunluklarini kontrol etmek., • Sirket politikalari ve standartlarina uygun olarak tedarikçi performansini degerlendirmek., Çevik çalisma metodolojisinin gerekliliklerinin (daily, sprint planlama, review vb.) yerine getirilmesini saglamak., "
012101;MALIYET OPTIMIZASYON TAKIMI;TEDARIKÇI GELISTIRME VE MALIYET OPT LID;Maliyet analizi çalismalari yaparak sirketin belirlemis oldugu maliyet hedeflerinin gerçeklesmesinin saglanmasi.;Yöneticisinin yönlendirmeleri ile faaliyet yürütür.;"•  • Temin Edilen malzemelerin zaman etüdünün yapilmasi, • Maliyet analizi çalismalari yaparak sirketin belirlemis oldugu maliyet hedeflerinin gerçeklesmesinin saglanmasi., • Araç maliyet ucuzlatma çalismalarinin yapilmasi, • fiili araç maliyet takibi ve raporlamasi, • parça maliyet degisim ve raporlamasi, • maliyet iyilestirme firsatlarinin tespiti planlamasi uygulanmasi ve yönetime raporlanmasi, • Kategori bazli detay analiz planlarinin çikarilmasi, Çevik çalisma metodolojisinin gerekliliklerinin (daily, sprint planlama, review vb.) yerine getirilmesini saglamak., "
012107;TEDARIKÇI GELISTIRME TAKIMI;TEDARIKÇI GELISTIRME VE MALIYET OPT LID;Otokarin mevcut tedarikçilerinin Otokarin beklentileri ve uluslararasi standartlara uyum saglamalari için gerekli gelisim faaliyetlerini yürütmek . Ayrica Otokara yeni katilacak tedarikçilerin bu ister ve standartlara uygunlugunu denetleyerek devreye alma sürecini yönetmek.;Tedarikçi Gelistirme PO yönlendirmesi ve onayi dogrultusunda çalisir.;"•  • • Uluslararasi otomotiv sektörü standartlarinda tedarikçi gelistirme stratejilerini belirlemek ve uygulamak., • • Mevcut tedarikçi portföyünü degerlendirmek ve gelisim alanlarini tanimlamak., • • Tedarikçi performansini izlemek ve sürekli iyilestirme için önlem almak., • • Tedarikçi iliskilerini yönetmek ve isbirligi için etkili iletisim kurmak. Kalite sürdürülebilirliknbspve teslimat sürelerinde iyilestirme firsatlarini arastirmak ve uygulamak, • • Tedarikçi gelistirme proje planlarini hazirlamak ve bunlari yönetmek takibini saglamak., • • Tedarikçi denetimlerini yaptirmak/yapmak ve uygunluklarini kontrol etmek., • • Sirket politikalari ve standartlarina uygun olarak tedarikçi performansini degerlendirmek., Çevik çalisma metodolojisinin gerekliliklerinin (daily, sprint planlama, review vb.) yerine getirilmesini saglamak., "
